	latitude	longitude	depth	mag	place	year	month	day	hour	minute	second
0	44.1686	39.0414	10.0	4.5	2 km N of Agoy, Russia	2020	9	1	0	59	5
1	41.8382	43.7917	10.0	4.3	22 km S of Agara, Georgia	2020	7	12	5	54	55
2	44.8766	37.1141	37.85	4.3	16km W of Anapa, Russia	2020	3	15	5	36	0
3	43.4	46.053999999999995	10.0	4.3	6km NW of Gudermes, Russia	2020	2	6	15	25	17
4	42.9381	44.3096	10.0	4.2	11km N of Verkhniy Fiagdon, Russia	2020	1	26	21	1	40
5	41.9918	42.9253	10.0	4.4	16km SW of Zestap'oni, Georgia	2019	10	15	14	57	27
6	41.6062	46.6978	10.0	4.3	5km SE of Zaqatala, Azerbaijan	2019	8	11	3	29	20
7	41.6599	46.6057	10.0	4.9	4km NW of Zaqatala, Azerbaijan	2019	8	10	7	35	10
8	43.0555	47.1834	10.0	4.5	9km WNW of Korkmaskala, Russia	2019	5	24	22	34	5
9	41.5202	46.8606	10.0	4.2	7km NW of Cinarli, Azerbaijan	2019	4	7	8	27	25
10	45.0284	38.6635	10.0	4.3	4km SSW of Belozernyy, Russia	2018	11	25	0	5	48
11	45.0084	38.613	10.0	4.4	8km SW of Belozernyy, Russia	2018	11	24	22	55	3
12	42.533	43.5963	10.0	5.0	13km ESE of Oni, Georgia	2018	11	6	1	17	19
13	41.9174	43.4961	10.97	4.2	9km NE of Borjomi, Georgia	2018	10	28	9	3	41
14	43.4927	44.9422	28.62	4.4	11km W of Goragorskiy, Russia	2018	10	17	15	55	52
15	42.3346	42.791000000000004	10.0	4.4	12km NE of K'ut'aisi, Georgia	2018	6	29	5	30	54
16	43.04	46.2187	10.0	4.3	3km N of Tsentoroy, Russia	2018	6	9	21	49	16
17	41.5263	46.7857	22.65	5.3	12km WNW of Cinarli, Azerbaijan	2018	6	5	18	40	30
18	44.9931	37.5591	10.0	4.2	5km SE of Gostagayevskaya, Russia	2018	4	24	20	47	37
19	41.3794	48.5127	49.66	4.4	1km N of Quba, Azerbaijan	2018	2	27	19	3	38
20	42.0267	48.0468	10.0	4.1	11km S of Gedzhukh, Russia	2017	12	7	5	23	38
21	42.3349	48.6298	43.91	4.1	40km NE of Derbent, Russia	2017	10	11	0	12	20
22	41.5874	48.6131	10.0	4.5	7km SW of Xudat, Azerbaijan	2017	10	4	2	36	37
23	44.0595	39.339	22.34	4.2	15km E of Shepsi, Russia	2017	9	28	3	35	12
24	41.1918	47.8809	10.0	4.2	10km SSE of Kurush, Russia	2017	9	6	1	45	13
25	44.2946	41.7008	10.0	4.4	6km NNW of Besleney, Russia	2017	8	24	9	14	13
26	41.6341	46.1964	10.0	4.1	11km SSW of Qabaqcol, Azerbaijan	2017	7	17	22	36	50
27	44.8928	36.9086	14.69	4.2	31km WSW of Vityazevo, Russia	2017	6	16	18	17	32
28	41.4667	45.9331	10.0	4.7	17km S of Tsnori, Georgia	2017	6	7	18	25	41
29	42.175	46.9611	10.0	5.2	12km W of Kumukh, Russia	2017	5	3	8	53	37
30	42.4236	43.6186	12.48	4.4	22km SE of Oni, Georgia	2017	3	13	2	25	20
31	43.3545	45.8116	10.0	4.5	3km SSW of Petropavlovskaya, Russia	2017	3	6	1	26	21
32	41.7501	42.9465	10.0	4.4	9km ENE of Abastumani, Georgia	2017	1	20	13	52	34
33	41.9242	46.7731	10.0	4.5	34km NNE of Zaqatala, Azerbaijan	2016	12	20	16	40	44
34	44.3875	39.5642	10.0	4.6	4km SSE of Khadyzhensk, Russia	2016	10	30	5	27	4
35	42.556000000000004	40.9136	14.09	4.3	48km WSW of Och'amch'ire, Georgia	2016	9	21	19	27	36
36	41.9345	46.651	10.0	4.2	30km NE of Belokany, Azerbaijan	2016	9	7	21	29	36
37	41.9687	46.6608	52.09	4.4	29km ESE of Tlyarata, Russia	2016	9	7	16	57	49
38	42.847	47.0997	10.0	4.3	3km NNW of Buynaksk, Russia	2016	8	24	21	8	41
39	42.946999999999996	40.9144	10.0	4.2	9km SW of Sokhumi, Georgia	2016	7	28	6	5	15
40	41.2971	44.2903	15.76	4.2	11km NNE of Metsavan, Armenia	2016	7	21	15	17	41
41	41.4162	44.1707	10.0	4.8	19km SW of Dmanisi, Georgia	2016	7	12	10	14	1
42	42.9476	46.4079	75.96	4.8	12km SSW of Zandak, Russia	2016	5	13	21	17	47
43	43.4976	41.4373	10.0	4.0	19km S of Nizhniy Arkhyz, Russia	2016	2	23	10	47	41
44	43.8402	45.7628	124.95	4.2	35km NNE of Kalinovskaya, Russia	2016	2	3	17	5	56
45	42.3789	43.0252	3.5	4.1	3km NE of Tqibuli, Georgia	2015	11	18	1	17	48
46	43.6915	38.9434	10.0	4.2	39km SW of Lazarevskoye, Russia	2015	11	14	19	22	36
47	44.8812	41.6113	15.27	4.4	14km N of Zavetnoye, Russia	2015	11	3	17	43	21
48	42.4753	44.9236	22.73	4.4	23km NE of P'asanauri, Georgia	2015	10	16	2	16	49
49	43.2997	41.551	33.54	4.4	22km SW of Teberda, Russia	2015	9	14	9	7	52
50	43.6712	45.7427	121.66	4.0	20km ENE of Kalinovskaya, Russia	2015	9	12	2	8	49
51	43.0598	47.6523	18.99	4.1	15km NE of Makhachkala, Russia	2015	6	16	13	50	39
52	42.3023	43.077	10.51	4.0	8km SE of Tqibuli, Georgia	2015	1	30	1	56	51
53	43.6298	45.5471	10.0	4.2	6km NNE of Kalinovskaya, Russia	2015	1	22	23	19	24
54	43.1146	45.8854	10.0	4.7	8km SSW of Germenchuk, Russia	2014	11	24	19	5	1
55	42.3184	43.104	10.0	4.0	9km ESE of Tqibuli, Georgia	2014	10	8	12	36	18
56	41.1414	47.9386	50.09	4.8	18km SSE of Kurush, Russia	2014	10	4	4	59	39
57	41.1965	48.1004	13.23	5.3	24km ESE of Kurush, Russia	2014	9	29	1	38	8
58	41.716	42.1164	10.0	4.1	7km NNW of Akhaldaba, Georgia	2014	7	19	9	16	20
59	41.6028	46.6653	33.59	5.0	3km SSE of Zaqatala, Azerbaijan	2014	6	29	17	26	12
60	43.5991	45.4897	10.0	4.8	3km NW of Kalinovskaya, Russia	2014	6	2	8	7	27
61	43.0196	45.8841	10.0	4.6	12km E of Duba-Yurt, Russia	2014	4	27	1	42	57
62	43.5827	44.2948	10.0	4.0	16km NE of Terek, Russia	2014	4	14	23	16	31
63	43.9555	43.0896	6.32	4.1	5km NE of Etoka, Russia	2014	3	7	15	18	25
64	42.3957	48.2168	47.06	4.3	18km E of Novokayakent, Russia	2013	12	17	5	27	40
65	42.3759	40.909	13.72	4.1	59km SW of Och'amch'ire, Georgia	2013	11	16	3	49	46
66	42.1462	45.8117	5.0	5.3	21km N of Qvareli, Georgia	2013	9	17	4	9	13
67	41.3345	48.6384	42.81	4.2	10km ESE of Quba, Azerbaijan	2013	9	14	10	14	8
68	43.251999999999995	41.662	4.8	5.1	27km SSW of Teberda, Russia	2013	5	28	0	9	52
69	42.42100000000001	47.725	10.0	4.8	8km NNE of Sergokala, Russia	2013	4	16	12	26	59
70	43.481	40.944	10.0	4.6	44km N of Stantsiya Novyy Afon, Georgia	2013	4	11	22	31	33
71	42.693999999999996	46.798	52.2	4.6	2km WNW of Gimry, Russia	2013	3	31	7	2	37
72	43.218999999999994	41.637	10.0	5.1	26km SSW of Teberda, Russia	2013	3	26	23	35	24
73	42.858000000000004	46.27	68.0	4.0	Caucasus region, Russia	2013	1	24	11	0	33
74	42.472	40.96	10.0	4.4	Black Sea, offshore Georgia	2012	12	25	22	55	50
75	42.43600000000001	40.974	10.0	5.2	Black Sea, offshore Georgia	2012	12	25	22	44	33
76	42.325	40.882	9.4	4.2	Black Sea, offshore Georgia	2012	12	23	15	18	35
77	42.42	41.075	15.2	5.7	Black Sea, offshore Georgia	2012	12	23	13	31	40
78	44.981	37.56	22.6	4.9	Caucasus region, Russia	2012	12	10	16	56	55
79	43.992	39.168	24.5	4.0	Caucasus region, Russia	2012	11	15	1	36	40
80	42.04600000000001	47.70399999999999	38.6	4.1	Caucasus region, Russia	2012	10	23	16	17	58
81	41.825	46.405	10.0	5.5	Azerbaijan	2012	10	14	10	13	38
82	41.729	46.316	10.0	4.4	Azerbaijan	2012	10	14	10	8	23
83	41.83	46.327	9.2	4.6	Georgia (Sak'art'velo)	2012	10	13	18	44	11
84	42.53	44.144	10.0	4.3	Georgia (Sak'art'velo)	2012	7	20	13	51	12
85	41.258	47.108000000000004	10.0	4.3	Azerbaijan	2012	6	25	20	5	59
86	41.492	46.787	38.3	4.2	Azerbaijan	2012	6	5	16	29	48
87	43.16	46.196000000000005	79.7	4.5	Caucasus region, Russia	2012	6	2	0	32	21
88	43.501000000000005	39.449	10.0	4.1	Caucasus region, Russia	2012	5	30	7	58	23
89	41.43899999999999	46.788999999999994	18.1	5.1	Azerbaijan	2012	5	18	14	47	22
90	41.576	46.755	14.8	4.9	Azerbaijan	2012	5	18	14	46	35
91	41.538000000000004	46.726000000000006	17.0	4.2	Azerbaijan	2012	5	15	4	54	38
92	41.19	47.229	10.5	4.0	Azerbaijan	2012	5	14	15	51	2
93	41.248000000000005	47.231	7.4	4.1	Azerbaijan	2012	5	14	9	58	20
94	41.56100000000001	46.794	14.0	4.4	Azerbaijan	2012	5	7	16	58	56
95	41.512	46.731	11.7	4.0	Azerbaijan	2012	5	7	14	36	20
96	41.553000000000004	46.718999999999994	11.9	5.3	Azerbaijan	2012	5	7	14	15	14
97	41.506	46.765	16.8	4.2	Azerbaijan	2012	5	7	8	36	24
98	41.423	46.76	16.6	4.6	Azerbaijan	2012	5	7	5	40	31
99	41.468	46.751999999999995	11.9	4.6	Azerbaijan	2012	5	7	5	38	3
100	41.549	46.788999999999994	11.0	5.6	Azerbaijan	2012	5	7	4	40	27
101	44.931000000000004	41.708	10.0	3.8	Caucasus region, Russia	2012	5	2	0	44	18
102	42.316	45.248999999999995	10.0	4.1	Georgia (Sak'art'velo)	2012	4	23	15	50	20
103	41.481	46.853	10.0	4.5	Azerbaijan	2012	3	11	8	41	28
104	43.808	39.931	10.0	4.4	Caucasus region, Russia	2011	12	19	7	28	56
105	44.887	36.98	26.7	4.4	Crimea region, Ukraine	2011	11	29	2	17	41
106	41.325	44.111000000000004	10.0	4.2	Georgia (Sak'art'velo)	2011	9	27	8	58	54
107	42.994	45.771	15.4	4.0	Russia-Georgia border region	2011	9	11	3	0	21
108	42.148	48.206	47.8	4.3	Caspian Sea	2011	9	1	20	41	37
109	43.091	47.785	10.0	4.4	Caucasus region, Russia	2011	8	24	10	5	4
110	42.606	42.948	10.0	4.8	Georgia (Sak'art'velo)	2011	8	18	11	57	43
111	43.496	45.5	153.2	4.1	Caucasus region, Russia	2011	7	8	17	23	39
112	41.952	42.653999999999996	10.0	4.0	Georgia (Sak'art'velo)	2011	1	23	3	51	23
113	42.043	42.591	10.0	4.1	Georgia (Sak'art'velo)	2011	1	19	9	51	12
114	41.961000000000006	42.657	10.0	5.2	Georgia (Sak'art'velo)	2011	1	19	9	17	49
115	43.248000000000005	46.233999999999995	10.0	4.1	Caucasus region, Russia	2011	1	13	2	50	11
116	43.155	47.146	19.4	3.9	Caucasus region, Russia	2010	11	15	12	4	15
117	43.226000000000006	46.193000000000005	21.4	4.6	Caucasus region, Russia	2010	11	6	8	38	5
118	43.766999999999996	39.81	10.0	3.5	Caucasus region, Russia	2010	10	5	14	34	48
119	42.136	47.492	27.4	4.0	Caucasus region, Russia	2010	9	28	18	40	42
120	42.88	46.96	6.0	3.6	Caucasus region, Russia	2010	9	18	22	34	1
121	43.332	45.531000000000006	10.0	4.4	Caucasus region, Russia	2010	6	9	17	29	34
122	43.508	45.537	7.0	4.4	Caucasus region, Russia	2010	6	9	17	25	49
123	42.753	41.637	7.9	4.2	Georgia (Sak'art'velo)	2010	6	7	9	26	52
124	42.56100000000001	43.43600000000001	10.0	4.1	Georgia (Sak'art'velo)	2010	4	12	2	43	28
125	43.208	46.028	32.9	4.4	Caucasus region, Russia	2009	11	16	7	31	28
126	42.683	43.431000000000004	10.0	4.6	Georgia (Sak'art'velo)	2009	9	12	9	41	21
127	42.538000000000004	43.567	9.1	4.6	Georgia (Sak'art'velo)	2009	9	9	8	36	16
128	42.662	43.413999999999994	12.1	4.7	Georgia (Sak'art'velo)	2009	9	8	17	50	49
129	42.70399999999999	43.42	10.0	4.5	Georgia (Sak'art'velo)	2009	9	7	23	21	3
130	42.62	43.486999999999995	10.0	4.8	Georgia (Sak'art'velo)	2009	9	7	22	49	29
131	42.66	43.443000000000005	15.0	6.0	Georgia (Sak'art'velo)	2009	9	7	22	41	37
132	43.297	46.052	13.1	4.1	Caucasus region, Russia	2009	8	25	11	12	30
133	43.4	47.778	59.5	3.9	Caucasus region, Russia	2009	7	20	22	35	9
134	43.29600000000001	46.12	48.1	4.5	Caucasus region, Russia	2009	5	17	15	3	53
135	43.446999999999996	46.178000000000004	10.0	3.6	Caucasus region, Russia	2008	12	8	2	24	11
136	43.305	46.202	14.8	4.0	Caucasus region, Russia	2008	11	14	1	42	41
137	44.38399999999999	43.823	10.0	4.2	Caucasus region, Russia	2008	11	4	4	20	19
138	43.422	46.213	30.5	3.8	Caucasus region, Russia	2008	10	27	21	8	22
139	43.318000000000005	46.201	29.6	4.5	Caucasus region, Russia	2008	10	27	20	10	31
140	43.333	46.153999999999996	32.3	3.8	Caucasus region, Russia	2008	10	24	19	45	17
141	41.492	39.192	5.0	4.3	eastern Turkey	2008	10	20	23	22	10
142	43.372	46.045	10.0	3.9	Caucasus region, Russia	2008	10	20	23	10	3
143	43.323	46.148999999999994	10.0	4.7	Caucasus region, Russia	2008	10	20	6	27	52
144	43.269	46.104	10.0	3.6	Caucasus region, Russia	2008	10	19	21	50	43
145	43.278999999999996	46.047	13.2	4.4	Caucasus region, Russia	2008	10	19	21	46	53
146	43.318000000000005	46.096000000000004	14.4	4.2	Caucasus region, Russia	2008	10	18	13	21	15
147	43.251000000000005	46.19	10.0	3.8	Caucasus region, Russia	2008	10	18	12	0	7
148	43.595	46.096000000000004	10.0	3.8	Caucasus region, Russia	2008	10	18	5	9	45
149	43.413000000000004	46.14	9.5	4.1	Caucasus region, Russia	2008	10	17	18	53	16
150	43.318999999999996	46.11600000000001	10.0	3.7	Caucasus region, Russia	2008	10	17	18	47	9
151	43.303000000000004	46.138999999999996	10.0	3.9	Caucasus region, Russia	2008	10	15	15	51	4
152	43.286	46.228	3.6	3.7	Caucasus region, Russia	2008	10	14	15	28	42
153	43.391999999999996	46.254	36.1	4.6	Caucasus region, Russia	2008	10	14	15	6	52
154	43.387	46.248999999999995	10.0	4.6	Caucasus region, Russia	2008	10	13	21	37	22
155	43.403	46.095	10.0	3.9	Caucasus region, Russia	2008	10	13	1	52	20
156	43.306999999999995	46.273999999999994	18.7	3.8	Caucasus region, Russia	2008	10	12	19	36	14
157	43.415	46.023	10.0	3.4	Caucasus region, Russia	2008	10	12	11	18	28
158	43.513999999999996	46.297	10.0	4.1	Caucasus region, Russia	2008	10	12	9	1	21
159	43.273	46.288000000000004	10.0	4.0	Caucasus region, Russia	2008	10	12	4	24	43
160	43.417	46.166000000000004	10.0	3.8	Caucasus region, Russia	2008	10	12	3	53	8
161	43.507	46.271	10.0	3.7	Caucasus region, Russia	2008	10	12	3	16	34
162	43.516999999999996	46.227	10.0	4.1	Caucasus region, Russia	2008	10	11	23	51	3
163	43.349	46.273999999999994	10.0	4.0	Caucasus region, Russia	2008	10	11	21	12	30
164	43.207	45.986999999999995	10.0	3.7	Caucasus region, Russia	2008	10	11	16	55	41
165	43.373000000000005	46.317	10.0	3.8	Caucasus region, Russia	2008	10	11	13	28	44
166	43.303000000000004	46.147	20.2	3.9	Caucasus region, Russia	2008	10	11	13	17	12
167	43.278999999999996	46.25	10.0	4.6	Caucasus region, Russia	2008	10	11	12	28	20
168	43.425	46.13399999999999	10.0	3.8	Caucasus region, Russia	2008	10	11	12	1	26
169	43.426	46.146	10.0	3.7	Caucasus region, Russia	2008	10	11	11	21	30
170	43.483999999999995	46.114	10.0	3.8	Caucasus region, Russia	2008	10	11	11	9	52
171	43.448	46.172	10.0	3.9	Caucasus region, Russia	2008	10	11	11	3	7
172	43.504	46.143	10.0	3.8	Caucasus region, Russia	2008	10	11	10	51	3
173	43.516000000000005	46.324	10.0	3.9	Caucasus region, Russia	2008	10	11	10	43	22
174	43.388000000000005	46.126000000000005	10.0	4.0	Caucasus region, Russia	2008	10	11	10	28	29
175	43.342	46.138000000000005	10.0	3.9	Caucasus region, Russia	2008	10	11	9	44	21
176	43.55	46.162	10.0	4.1	Caucasus region, Russia	2008	10	11	9	35	14
177	43.336999999999996	46.192	10.0	5.3	Caucasus region, Russia	2008	10	11	9	22	1
178	43.372	46.254	16.0	5.8	Caucasus region, Russia	2008	10	11	9	6	10
179	42.87	46.196999999999996	18.2	4.0	Caucasus region, Russia	2008	10	2	20	2	12
180	42.82899999999999	46.273	10.0	3.8	Caucasus region, Russia	2008	9	28	11	28	35
181	43.38399999999999	47.306000000000004	10.0	4.7	Caucasus region, Russia	2008	8	23	7	29	32
182	42.739	48.355	28.3	3.4	Caspian Sea	2008	7	4	19	53	47
183	41.145	38.874	11.9	4.4	eastern Turkey	2008	6	20	8	23	39
184	41.398999999999994	44.455	10.0	3.7	Georgia (Sak'art'velo)	2008	6	18	11	4	34
185	42.446000000000005	45.04	21.0	3.9	Georgia (Sak'art'velo)	2008	6	9	22	21	57
186	43.428000000000004	47.547	16.1	3.9	Caucasus region, Russia	2008	5	23	1	15	20
187	42.376999999999995	48.425	35.0	3.6	Caspian Sea	2008	4	25	15	19	0
188	42.942	48.283	35.0	3.9	Caspian Sea	2008	4	25	15	18	6
189	42.012	46.11	48.8	4.1	Caucasus region, Russia	2008	4	8	14	17	37
190	43.419	46.231	5.5	3.9	Caucasus region, Russia	2008	4	4	14	47	55
191	42.137	45.924	35.0	4.0	Russia-Georgia border region	2008	4	1	10	47	23
192	43.354	46.276	37.6	4.4	Caucasus region, Russia	2008	3	31	20	17	49
193	42.714	43.42100000000001	20.6	3.6	Georgia (Sak'art'velo)	2007	11	1	12	17	22
194	43.122	46.18600000000001	87.5	4.2	Caucasus region, Russia	2007	10	22	20	10	15
195	42.935	48.248999999999995	31.9	4.0	Caspian Sea	2007	10	8	21	25	26
196	44.94	37.168	10.0	4.4	Caucasus region, Russia	2007	10	5	23	17	53
197	41.156000000000006	48.321000000000005	41.6	3.8	Azerbaijan	2007	9	11	3	10	54
198	42.778999999999996	46.373999999999995	37.3	4.3	Caucasus region, Russia	2007	8	5	23	11	1
199	43.44	45.655	134.3	4.5	Caucasus region, Russia	2007	8	5	10	52	6
200	43.003	47.097	35.0	3.9	Caucasus region, Russia	2007	8	5	8	50	19
201	41.288000000000004	43.799	10.0	4.2	Georgia (Sak'art'velo)	2007	7	24	19	31	25
202	42.351000000000006	43.632	5.0	3.7	Georgia (Sak'art'velo)	2007	7	18	19	16	39
203	42.757	48.283	21.9	4.8	Caspian Sea	2007	6	30	22	30	35
204	42.88	48.31100000000001	10.0	4.0	Caspian Sea	2007	6	30	22	29	37
205	42.888000000000005	48.323	10.0	3.3	Caspian Sea	2007	6	30	20	20	37
206	42.842	48.375	10.0	3.8	Caspian Sea	2007	6	30	15	48	51
207	43.607	39.019	10.0	3.6	Caucasus region, Russia	2007	5	31	21	47	16
208	43.482	45.928000000000004	10.0	4.0	Caucasus region, Russia	2007	1	20	14	37	36
209	42.556999999999995	48.51	39.9	4.9	Caspian Sea	2007	1	11	3	58	35
210	41.165	43.565	2.0	4.0	Georgia (Sak'art'velo)	2006	12	28	22	52	23
211	42.516000000000005	45.428000000000004	29.7	4.4	Georgia (Sak'art'velo)	2006	12	22	1	11	20
212	43.398999999999994	45.818000000000005	10.0	3.9	Caucasus region, Russia	2006	10	21	11	2	0
213	41.534	45.668	35.0	3.6	Georgia (Sak'art'velo)	2006	10	17	10	15	48
214	43.534	45.571999999999996	164.9	4.6	Caucasus region, Russia	2006	10	12	21	16	52
215	42.562	48.027	52.3	4.8	Caspian Sea	2006	9	11	2	23	49
216	43.195	45.228	110.6	3.6	Caucasus region, Russia	2006	8	17	5	43	21
217	41.6	46.157	36.6	3.9	Georgia (Sak'art'velo)	2006	8	8	7	10	21
218	44.575	42.592	10.0	4.1	Caucasus region, Russia	2006	7	22	7	55	57
219	42.107	48.257	57.3	3.5	Caspian Sea	2006	7	19	2	46	16
220	41.876000000000005	48.103	10.0	3.6	Russia-Azerbaijan border region	2006	6	15	17	39	17
221	42.402	45.383	5.2	3.7	Georgia (Sak'art'velo)	2006	4	17	5	13	29
222	42.982	48.053999999999995	10.0	3.3	Caspian Sea	2006	4	9	3	7	40
223	44.775	36.986999999999995	10.0	3.3	Crimea region, Ukraine	2006	3	30	21	37	23
224	42.297	45.452	10.0	3.9	Georgia (Sak'art'velo)	2006	3	30	21	8	31
225	43.422	45.918	42.7	3.3	Caucasus region, Russia	2006	2	26	5	9	2
226	42.532	42.544	35.1	3.4	Georgia (Sak'art'velo)	2006	2	7	9	19	0
227	42.658	43.147	5.0	3.7	Georgia (Sak'art'velo)	2006	2	7	8	26	32
228	42.875	43.403999999999996	9.8	4.5	Georgia (Sak'art'velo)	2006	2	6	9	43	21
229	42.882	43.36600000000001	34.5	3.8	Georgia (Sak'art'velo)	2006	2	6	6	58	10
230	42.69	42.857	35.4	3.5	Georgia (Sak'art'velo)	2006	2	6	6	29	29
231	42.636	43.452	25.0	4.3	Georgia (Sak'art'velo)	2006	2	6	5	46	56
232	42.636	43.42	15.0	4.2	Georgia (Sak'art'velo)	2006	2	6	4	48	6
233	42.653	43.525	17.0	5.3	Georgia (Sak'art'velo)	2006	2	6	4	8	3
234	41.318999999999996	46.006	37.9	3.7	Georgia (Sak'art'velo)	2006	1	21	13	17	28
235	43.175	47.231	10.0	4.4	Caucasus region, Russia	2005	12	22	4	4	29
236	41.273999999999994	43.758	30.0	4.1	Georgia (Sak'art'velo)	2005	12	16	4	2	35
237	42.967	47.143	2.7	3.9	Caucasus region, Russia	2005	11	25	3	44	57
238	44.298	43.56399999999999	12.5	4.1	Caucasus region, Russia	2005	11	20	23	52	0
239	43.488	45.745	119.2	3.9	Caucasus region, Russia	2005	11	18	21	24	42
240	41.441	44.507	10.0	3.7	Georgia (Sak'art'velo)	2005	11	13	8	32	7
241	42.842	42.123000000000005	11.2	4.5	Georgia (Sak'art'velo)	2005	10	6	17	57	27
242	42.864	41.876000000000005	10.0	3.8	Georgia (Sak'art'velo)	2005	10	6	16	17	17
243	42.246	47.244	25.0	4.0	Caucasus region, Russia	2005	9	29	1	15	0
244	43.042	45.721000000000004	32.1	4.3	Caucasus region, Russia	2005	8	24	16	58	11
245	42.905	47.85	5.8	4.2	Caucasus region, Russia	2005	7	24	23	31	4
246	41.912	48.349	10.0	3.6	Russia-Azerbaijan border region	2005	7	19	20	7	4
247	41.505	39.371	32.8	4.0	eastern Turkey	2005	5	18	1	13	25
248	43.117	47.038999999999994	30.0	3.8	Caucasus region, Russia	2005	5	17	15	33	4
249	43.138000000000005	47.18899999999999	30.0	4.2	Caucasus region, Russia	2005	5	17	14	9	24
250	42.066	46.175	10.0	4.1	Caucasus region, Russia	2005	5	8	18	47	11
251	41.285	47.18899999999999	48.1	3.9	Azerbaijan	2005	5	7	7	59	1
252	42.001999999999995	46.353	5.7	3.8	Caucasus region, Russia	2005	4	20	17	42	23
253	44.556999999999995	42.238	10.0	4.1	Caucasus region, Russia	2005	3	18	7	34	50
254	44.91	37.254	10.0	4.4	Caucasus region, Russia	2005	3	13	1	31	18
255	41.138000000000005	40.064	28.1	3.2	eastern Turkey	2005	2	15	11	34	26
256	42.073	46.687	10.0	3.6	Caucasus region, Russia	2005	2	15	5	0	34
257	43.619	44.972	10.0	3.7	Caucasus region, Russia	2005	1	24	12	54	48
258	43.473	45.027	23.7	4.4	Caucasus region, Russia	2005	1	7	15	10	56
259	43.751000000000005	43.966	10.0	4.2	Caucasus region, Russia	2004	12	25	19	13	18
260	42.631	46.677	63.4	3.5	Caucasus region, Russia	2004	12	3	22	29	45
261	42.821000000000005	46.21	85.5	3.9	Caucasus region, Russia	2004	11	16	14	17	29
262	44.343	39.591	6.9	4.7	Caucasus region, Russia	2004	11	15	10	21	7
263	44.871	37.022	40.0	3.2	Caucasus region, Russia	2004	10	18	23	15	25
264	43.242	45.269	64.2	3.7	Caucasus region, Russia	2004	9	8	20	21	37
265	43.652	45.56100000000001	104.0	3.9	Caucasus region, Russia	2004	7	23	3	18	1
266	43.028	45.278	10.0	3.5	Caucasus region, Russia	2004	7	17	23	15	55
267	43.582	45.56100000000001	132.9	4.3	Caucasus region, Russia	2004	7	6	15	15	28
268	43.151	45.625	10.0	3.6	Caucasus region, Russia	2004	7	4	19	33	10
269	43.211000000000006	46.166000000000004	34.9	3.7	Caucasus region, Russia	2004	6	1	15	48	15
270	41.809	47.76	10.0	4.0	Russia-Azerbaijan border region	2004	5	12	3	42	4
271	42.227	45.993	10.0	4.0	Russia-Georgia border region	2004	5	2	9	7	32
272	42.196999999999996	46.119	10.0	3.8	Caucasus region, Russia	2004	5	2	9	7	15
273	42.091	45.918	40.1	3.7	Russia-Georgia border region	2004	4	29	19	49	33
274	42.312	45.861000000000004	32.4	3.7	Russia-Georgia border region	2004	4	18	2	21	22
275	41.313	47.398	10.0	4.1	Russia-Azerbaijan border region	2004	2	8	12	54	11
276	42.555	36.584	10.0	4.3	Black Sea	2004	1	30	5	9	23
277	43.148999999999994	46.283	79.5	4.0	Caucasus region, Russia	2003	10	26	8	9	5
278	42.615	48.126000000000005	33.0	4.0	Caspian Sea	2003	8	1	4	58	27
279	42.016999999999996	46.573	72.7	4.1	Caucasus region, Russia	2002	12	23	12	15	8
280	43.085	46.847	33.0	4.5	Caucasus region, Russia	2002	11	24	11	53	32
281	45.003	37.768	10.0	5.5	southwestern Russia	2002	11	9	2	18	11
282	43.583	46.117	33.0	3.5	Caucasus region, Russia	2002	9	22	18	2	9
283	43.236999999999995	44.391999999999996	10.0	3.9	Caucasus region, Russia	2002	8	22	8	24	56
284	42.898999999999994	45.762	33.0	3.8	Russia-Georgia border region	2002	8	20	1	21	26
285	42.303999999999995	46.4	33.0	4.0	Caucasus region, Russia	2002	8	17	21	7	57
286	42.443999999999996	46.632	33.0	3.7	Caucasus region, Russia	2002	8	17	18	6	47
287	42.007	46.368	33.0	4.3	Caucasus region, Russia	2002	8	17	17	58	12
288	41.996	46.218	33.0	3.9	Georgia (Sak'art'velo)	2002	8	17	17	48	14
289	42.075	46.455	33.0	3.9	Caucasus region, Russia	2002	8	17	14	55	40
290	42.053000000000004	46.396	33.0	4.2	Caucasus region, Russia	2002	8	17	13	28	34
291	41.766999999999996	48.605	10.0	4.3	Azerbaijan	2002	8	10	20	10	36
292	43.435	47.102	10.0	3.8	Caucasus region, Russia	2002	6	15	22	28	54
293	41.765	44.96	10.0	4.8	Georgia (Sak'art'velo)	2002	4	25	17	41	21
294	41.657	44.65	33.0	3.7	Georgia (Sak'art'velo)	2002	4	11	16	38	26
295	42.257	45.656000000000006	37.7	4.4	Russia-Georgia border region	2002	3	17	4	15	49
296	41.147	44.144	10.0	3.9	Armenia	2002	2	4	1	53	30
297	43.648999999999994	45.663000000000004	153.9	3.8	Caucasus region, Russia	2002	1	30	4	1	39
298	43.946999999999996	44.873000000000005	10.0	3.9	Caucasus region, Russia	2001	12	25	6	2	59
299	43.153	47.141999999999996	20.6	4.8	Caucasus region, Russia	2001	11	15	9	42	19
300	43.786	38.933	33.0	4.4	Black Sea	2001	10	19	8	56	9
301	43.85	40.251999999999995	10.0	3.8	Russia-Georgia border region	2001	8	12	9	9	32
302	42.083	47.973	33.0	4.0	Caucasus region, Russia	2001	6	27	21	58	26
303	42.472	48.63399999999999	60.3	5.0	Caspian Sea	2001	6	5	15	33	29
304	41.861000000000004	46.324	33.0	3.7	Georgia (Sak'art'velo)	2001	3	11	10	57	2
305	42.75	46.821000000000005	82.8	4.6	Caucasus region, Russia	2001	2	18	15	30	37
306	42.365	43.821000000000005	45.3	3.9	Georgia (Sak'art'velo)	2001	2	4	6	52	48
307	42.181000000000004	43.898999999999994	33.0	3.8	Georgia (Sak'art'velo)	2001	1	31	2	54	49
308	43.86	39.595	10.0	3.8	Caucasus region, Russia	2001	1	15	8	40	34
309	42.06	45.108999999999995	52.9	3.3	Georgia (Sak'art'velo)	2000	12	14	15	45	41
310	42.478	44.327	33.0	4.6	Georgia (Sak'art'velo)	2000	12	9	8	37	6
311	42.875	44.833	33.0	4.3	Russia-Georgia border region	2000	12	8	6	22	50
312	42.428000000000004	47.347	33.0	4.6	Caucasus region, Russia	2000	12	2	15	35	22
313	43.723	39.47	5.0	3.7	Caucasus region, Russia	2000	10	30	1	17	20
314	42.369	47.368	33.0	3.7	Caucasus region, Russia	2000	9	24	6	39	51
315	42.482	47.409	33.0	4.6	Caucasus region, Russia	2000	9	24	6	34	40
316	43.299	47.3	33.0	4.4	Caucasus region, Russia	2000	9	22	2	27	33
317	42.988	45.501000000000005	22.0	4.4	Russia-Georgia border region	2000	8	30	18	19	33
318	41.91	47.477	33.0	4.3	Russia-Azerbaijan border region	2000	7	5	17	29	24
319	43.071999999999996	47.06399999999999	33.0	3.9	Caucasus region, Russia	2000	4	15	7	15	22
320	43.352	47.093999999999994	10.0	4.1	Caucasus region, Russia	2000	4	12	0	1	30
321	44.65	38.003	52.1	4.1	Caucasus region, Russia	2000	4	6	13	55	28
322	43.778999999999996	41.271	10.0	3.4	Russia-Georgia border region	2000	3	19	7	20	35
323	43.81	39.562	10.0	3.9	Caucasus region, Russia	2000	2	29	8	55	43
324	43.045	46.566	63.7	3.9	Caucasus region, Russia	2000	1	28	23	27	16
325	44.988	42.648999999999994	10.0	4.4	Caucasus region, Russia	1999	10	19	18	18	42
326	43.153999999999996	46.879	43.5	4.8	Caucasus region, Russia	1999	9	19	16	47	0
327	43.303999999999995	47.111999999999995	33.0	4.3	Caucasus region, Russia	1999	8	10	18	21	26
328	45.102	37.781	33.0	4.2	southwestern Russia	1999	8	8	23	26	16
329	44.473	37.394	33.0	4.0	Caucasus region, Russia	1999	8	7	13	49	20
330	43.184	46.207	95.3	3.8	Caucasus region, Russia	1999	6	26	10	27	42
331	44.107	46.574	10.0	4.3	southwestern Russia	1999	6	24	22	57	40
332	43.083	46.93	33.0	4.0	Caucasus region, Russia	1999	6	6	11	34	37
333	42.596000000000004	42.89	38.1	4.4	Georgia (Sak'art'velo)	1999	5	22	14	19	22
334	41.203	44.132	10.0	4.2	Georgia (Sak'art'velo)	1999	4	21	0	21	10
335	43.315	47.077	10.0	4.4	Caucasus region, Russia	1999	4	15	11	16	12
336	43.018	47.32899999999999	33.0	4.1	Caucasus region, Russia	1999	4	13	23	44	51
337	42.213	44.861000000000004	33.0	3.8	Georgia (Sak'art'velo)	1999	4	3	20	32	4
338	43.166000000000004	47.047	33.0	3.8	Caucasus region, Russia	1999	3	20	17	49	45
339	43.24	46.656000000000006	33.0	4.2	Caucasus region, Russia	1999	3	13	20	22	21
340	43.088	46.875	42.1	4.3	Caucasus region, Russia	1999	2	24	5	49	34
341	43.041000000000004	46.924	39.4	4.2	Caucasus region, Russia	1999	2	23	19	18	0
342	43.243	47.106	33.0	4.5	Caucasus region, Russia	1999	2	22	13	33	20
343	43.214	46.825	65.0	5.3	Caucasus region, Russia	1999	2	21	18	14	37
344	42.818000000000005	48.37	33.0	3.9	Caspian Sea	1999	2	7	13	18	58
345	42.99100000000001	45.875	33.0	3.9	Russia-Georgia border region	1999	2	4	10	36	21
346	42.961999999999996	46.95399999999999	33.0	3.2	Caucasus region, Russia	1999	2	1	23	57	52
347	43.018	47.056000000000004	33.0	4.5	Caucasus region, Russia	1999	2	1	14	25	56
348	43.133	46.45	33.0	4.2	Caucasus region, Russia	1999	2	1	3	43	51
349	43.135	46.633	33.0	4.2	Caucasus region, Russia	1999	1	31	12	6	12
350	43.077	46.94	33.0	3.9	Caucasus region, Russia	1999	1	31	11	40	11
351	42.945	46.97	33.0	4.0	Caucasus region, Russia	1999	1	31	8	37	29
352	43.036	47.021	33.0	4.5	Caucasus region, Russia	1999	1	31	8	16	4
353	43.157	46.841	33.0	5.7	Caucasus region, Russia	1999	1	31	5	7	13
354	42.028	47.976000000000006	33.0	4.1	Caucasus region, Russia	1999	1	26	23	49	30
355	41.273999999999994	43.976000000000006	33.0	4.8	Georgia (Sak'art'velo)	1999	1	14	22	45	18
356	41.963	45.961000000000006	33.0	4.1	Georgia (Sak'art'velo)	1999	1	5	20	19	41
357	43.193999999999996	41.492	10.0	4.2	Georgia (Sak'art'velo)	1998	12	29	17	40	20
358	44.089	44.218	33.0	3.7	southwestern Russia	1998	10	8	21	18	43
359	42.79600000000001	45.053999999999995	45.4	4.1	Russia-Georgia border region	1998	7	19	6	6	56
360	43.273	45.604	144.8	3.7	Caucasus region, Russia	1998	7	18	11	54	21
361	41.852	46.019	33.0	4.6	Georgia (Sak'art'velo)	1998	7	7	11	28	13
362	44.681000000000004	37.501	33.0	4.1	Caucasus region, Russia	1998	6	26	2	24	10
363	44.853	37.138000000000005	33.0	3.7	Caucasus region, Russia	1998	6	21	12	47	50
364	42.321999999999996	43.54600000000001	33.0	4.5	Georgia (Sak'art'velo)	1998	6	8	9	55	19
365	44.034	39.319	33.0	4.1	Caucasus region, Russia	1998	5	1	15	14	33
366	43.026	46.508	33.0	3.3	Caucasus region, Russia	1998	2	11	18	9	23
367	43.113	47.695	33.0	4.4	Caucasus region, Russia	1998	2	4	23	30	58
368	42.986999999999995	47.248999999999995	33.0	3.2	Caucasus region, Russia	1998	1	21	5	55	28
369	41.595	47.81399999999999	64.9	4.4	Russia-Azerbaijan border region	1997	12	4	6	6	17
370	41.849	45.332	37.5	5.3	Georgia (Sak'art'velo)	1997	11	27	17	34	30
371	41.196000000000005	48.283	66.4	4.0	Azerbaijan	1997	10	9	18	28	57
372	42.861999999999995	46.239	33.0	3.3	Caucasus region, Russia	1997	7	12	22	2	10
373	41.802	48.202	53.9	4.3	Russia-Azerbaijan border region	1997	6	28	6	45	1
374	44.36600000000001	40.389	33.0	3.6	Caucasus region, Russia	1997	6	13	21	10	21
375	41.413000000000004	43.894	33.0	4.5	Georgia (Sak'art'velo)	1997	2	9	21	49	13
376	42.393	48.489	33.0	4.6	Caspian Sea	1997	1	28	10	56	53
377	42.293	48.083	33.0	3.5	Caspian Sea	1996	12	25	15	2	32
378	41.566	44.688	33.0	3.6	Georgia (Sak'art'velo)	1996	12	20	17	2	27
379	41.342	48.325	33.0	3.9	Azerbaijan	1996	8	6	16	56	39
380	44.942	37.911	33.0	4.0	Caucasus region, Russia	1996	7	11	18	7	56
381	43.104	47.174	33.0	3.7	Caucasus region, Russia	1996	7	8	3	16	2
382	42.498999999999995	46.983000000000004	33.0	3.6	Caucasus region, Russia	1996	7	6	20	17	20
383	42.382	43.57899999999999	33.0	3.5	Georgia (Sak'art'velo)	1996	6	6	5	23	31
384	43.185	47.081	33.0	4.3	Caucasus region, Russia	1996	5	31	9	25	46
385	42.008	42.18600000000001	33.0	4.5	Georgia (Sak'art'velo)	1996	5	28	4	50	12
386	43.66	42.647	10.0	3.8	Russia-Georgia border region	1996	2	17	5	42	45
387	41.131	38.611999999999995	10.0	4.0	eastern Turkey	1995	12	15	6	35	57
388	44.607	40.876	47.4	4.7	Caucasus region, Russia	1995	9	25	12	2	44
389	45.216	37.223	33.0	4.5	southwestern Russia	1995	9	7	10	38	7
390	43.338	46.253	97.5	4.1	Caucasus region, Russia	1995	8	19	4	21	13
391	42.422	45.71	33.0	4.0	Georgia (Sak'art'velo)	1995	8	16	23	51	23
392	42.896	46.912	33.0	4.1	Caucasus region, Russia	1995	1	15	7	13	27
393	42.501000000000005	43.402	33.0	4.4	Georgia (Sak'art'velo)	1994	12	12	13	14	6
394	42.371	44.43	10.0	4.3	Georgia (Sak'art'velo)	1994	10	12	7	44	1
395	42.465	43.535	33.0	4.4	Georgia (Sak'art'velo)	1994	9	21	8	53	23
396	42.631	43.049	33.0	4.4	Georgia (Sak'art'velo)	1994	9	19	15	23	42
397	42.242	46.434	146.2	3.8	Caucasus region, Russia	1994	9	5	20	13	5
398	41.905	46.231	61.6	4.7	Georgia (Sak'art'velo)	1994	9	5	19	13	17
399	43.894	44.49	33.0	3.8	Caucasus region, Russia	1994	8	23	10	45	25
400	41.777	43.696999999999996	33.0	4.4	Georgia (Sak'art'velo)	1994	6	25	5	0	46
401	42.413999999999994	43.06399999999999	33.0	4.3	Georgia (Sak'art'velo)	1994	6	5	1	20	2
402	41.133	43.982	10.0	4.5	Armenia	1994	5	18	17	18	52
403	41.948	46.317	33.0	5.0	Russia-Georgia-Azerbaijan border region	1994	4	17	8	2	32
404	43.049	46.18	85.6	4.7	Caucasus region, Russia	1994	4	10	13	40	47
405	41.733000000000004	45.257	10.0	4.4	Georgia (Sak'art'velo)	1994	3	4	23	8	13
406	44.208	39.427	33.0	4.6	Caucasus region, Russia	1994	2	15	22	29	27
407	42.478	43.726000000000006	16.0	4.5	Georgia (Sak'art'velo)	1994	2	11	17	40	7
408	44.821000000000005	39.863	41.7	4.1	Caucasus region, Russia	1994	2	1	1	16	46
409	42.968999999999994	43.613	33.0	4.2	Russia-Georgia border region	1993	6	4	21	56	25
410	42.595	45.178000000000004	17.5	4.8	Georgia (Sak'art'velo)	1993	5	4	22	39	25
411	42.753	43.828	16.4	4.6	Russia-Georgia border region	1993	4	27	20	7	4
412	44.345	43.806999999999995	33.0	4.0	Caucasus region, Russia	1993	4	19	5	19	50
413	42.626999999999995	45.336000000000006	10.0	4.4	Russia-Georgia border region	1993	3	29	0	58	19
414	41.931000000000004	46.693000000000005	67.0	4.5	Russia-Georgia-Azerbaijan border region	1993	3	19	20	5	20
415	42.493	43.775	33.0	4.0	Georgia (Sak'art'velo)	1993	3	10	16	3	24
416	42.558	43.861999999999995	10.0	5.0	Georgia (Sak'art'velo)	1993	2	22	4	24	20
417	42.383	43.525	10.0	4.4	Georgia (Sak'art'velo)	1992	12	28	17	57	3
418	42.423	43.53	33.0	4.2	Georgia (Sak'art'velo)	1992	12	11	11	37	39
419	42.284	44.794	40.4	4.5	Georgia (Sak'art'velo)	1992	11	5	15	42	26
420	42.428000000000004	44.865	33.0	3.5	Georgia (Sak'art'velo)	1992	10	24	0	46	53
421	42.485	44.931000000000004	33.0	4.6	Georgia (Sak'art'velo)	1992	10	24	0	14	40
422	42.589	45.104	16.4	6.4	Georgia (Sak'art'velo)	1992	10	23	23	19	45
423	42.605	45.861000000000004	33.0	3.7	Russia-Georgia border region	1992	9	25	15	53	51
424	44.463	37.326	19.8	4.8	Caucasus region, Russia	1992	8	27	8	49	13
425	42.443999999999996	43.26	33.0	4.5	Georgia (Sak'art'velo)	1992	8	21	19	11	7
426	43.863	39.454	25.3	4.3	Caucasus region, Russia	1992	8	21	4	43	24
427	42.466	43.725	33.0	4.8	Georgia (Sak'art'velo)	1992	3	27	19	21	4
428	42.208	43.553999999999995	33.0	3.6	Georgia (Sak'art'velo)	1992	3	26	2	32	49
429	43.023	45.754	33.0	4.4	Caucasus region, Russia	1992	3	19	19	16	39
430	42.575	46.391000000000005	33.0	4.3	Caucasus region, Russia	1992	3	11	2	26	6
431	41.477	43.464	33.0	4.5	Georgia (Sak'art'velo)	1992	2	18	1	39	40
432	41.434	46.184	33.0	4.2	Georgia (Sak'art'velo)	1992	2	15	15	18	4
433	42.934	46.548	33.0	4.2	Caucasus region, Russia	1992	2	15	13	37	40
434	42.461999999999996	46.493	33.0	4.0	Caucasus region, Russia	1992	2	15	13	30	32
435	42.803000000000004	46.523999999999994	15.2	4.9	Caucasus region, Russia	1992	2	15	12	52	51
436	42.358999999999995	44.044	33.0	3.7	Georgia (Sak'art'velo)	1992	1	27	8	11	36
437	43.861000000000004	39.507	33.0	4.0	Caucasus region, Russia	1991	10	26	21	41	5
438	41.982	46.746	33.0	4.5	Russia-Georgia-Azerbaijan border region	1991	10	21	11	58	19
439	41.641999999999996	47.638000000000005	33.0	4.5	Russia-Azerbaijan border region	1991	10	18	16	23	44
440	41.398999999999994	43.25899999999999	10.0	4.4	Georgia (Sak'art'velo)	1991	10	10	2	44	49
441	41.955	43.578	33.0	4.0	Georgia (Sak'art'velo)	1991	7	11	5	58	18
442	42.387	44.11600000000001	20.4	5.4	Georgia (Sak'art'velo)	1991	7	4	6	26	31
443	42.424	43.688	10.0	4.5	Georgia (Sak'art'velo)	1991	6	30	20	9	18
444	42.251999999999995	44.222	10.0	4.5	Georgia (Sak'art'velo)	1991	6	17	3	4	45
445	42.461000000000006	44.00899999999999	9.4	6.3	Georgia (Sak'art'velo)	1991	6	15	0	59	20
446	42.336999999999996	45.861999999999995	10.0	3.7	Russia-Georgia border region	1991	5	27	3	40	45
447	42.678999999999995	42.908	10.0	3.9	Georgia (Sak'art'velo)	1991	5	24	7	59	38
448	42.551	43.159	10.0	4.4	Georgia (Sak'art'velo)	1991	5	23	8	41	32
449	42.867	48.028	10.0	5.0	Caspian Sea	1991	5	21	17	37	38
450	42.565	43.349	14.0	4.9	Georgia (Sak'art'velo)	1991	5	15	14	28	50
451	42.608999999999995	43.57899999999999	10.0	3.8	Georgia (Sak'art'velo)	1991	5	14	9	36	25
452	43.293	44.543	10.0	3.8	Caucasus region, Russia	1991	5	11	18	35	19
453	42.534	43.986000000000004	10.0	4.7	Georgia (Sak'art'velo)	1991	5	10	20	52	27
454	42.626999999999995	43.449	27.7	4.4	Georgia (Sak'art'velo)	1991	5	10	20	30	45
455	42.496	43.153	10.0	4.6	Georgia (Sak'art'velo)	1991	5	10	1	25	15
456	42.606	43.125	10.0	4.2	Georgia (Sak'art'velo)	1991	5	7	9	1	23
457	41.903	43.288000000000004	33.0	4.0	Georgia (Sak'art'velo)	1991	5	6	2	54	24
458	42.747	43.126000000000005	10.0	4.4	Georgia (Sak'art'velo)	1991	5	6	1	35	27
459	42.153999999999996	43.50899999999999	10.0	4.2	Georgia (Sak'art'velo)	1991	5	4	4	53	35
460	42.647	43.263000000000005	10.8	5.2	Georgia (Sak'art'velo)	1991	5	3	23	41	1
461	42.683	43.247	10.0	5.6	Georgia (Sak'art'velo)	1991	5	3	20	19	38
462	41.933	43.8	33.0	4.2	Georgia (Sak'art'velo)	1991	5	3	6	12	54
463	42.482	43.363	10.0	4.6	Georgia (Sak'art'velo)	1991	5	3	6	8	37
464	42.483000000000004	43.507	10.0	4.5	Georgia (Sak'art'velo)	1991	5	2	9	44	41
465	42.70399999999999	43.692	10.0	4.1	Georgia (Sak'art'velo)	1991	5	2	9	0	35
466	42.481	43.201	10.0	3.9	Georgia (Sak'art'velo)	1991	5	2	4	30	53
467	42.608000000000004	43.477	10.0	4.0	Georgia (Sak'art'velo)	1991	5	2	3	42	26
468	42.211000000000006	43.906000000000006	10.0	4.1	Georgia (Sak'art'velo)	1991	5	2	2	18	0
469	41.343999999999994	45.173	10.0	4.3	Azerbaijan	1991	5	2	2	7	31
470	42.541000000000004	43.96	10.0	5.1	Georgia (Sak'art'velo)	1991	5	2	1	25	30
471	42.718999999999994	44.053000000000004	10.0	4.1	Russia-Georgia border region	1991	5	1	23	19	11
472	42.458	43.373999999999995	10.0	3.8	Georgia (Sak'art'velo)	1991	5	1	14	37	53
473	42.957	42.677	10.0	3.9	Georgia (Sak'art'velo)	1991	5	1	14	4	54
474	42.505	43.434	10.0	4.8	Georgia (Sak'art'velo)	1991	5	1	5	13	35
475	41.977	42.826	10.0	4.0	Georgia (Sak'art'velo)	1991	5	1	3	38	8
476	42.405	43.784	10.0	4.5	Georgia (Sak'art'velo)	1991	5	1	3	6	50
477	43.604	45.556000000000004	10.0	3.8	Caucasus region, Russia	1991	5	1	1	15	46
478	42.49100000000001	43.23	10.0	4.6	Georgia (Sak'art'velo)	1991	4	30	16	7	38
479	41.975	43.59	10.0	4.1	Georgia (Sak'art'velo)	1991	4	30	15	19	4
480	42.757	42.757	10.0	4.3	Georgia (Sak'art'velo)	1991	4	30	12	44	52
481	42.599	43.49	10.0	4.8	Georgia (Sak'art'velo)	1991	4	30	11	15	29
482	42.551	43.268	10.0	3.8	Georgia (Sak'art'velo)	1991	4	30	10	39	44
483	42.071000000000005	43.888000000000005	10.0	4.4	Georgia (Sak'art'velo)	1991	4	30	8	32	25
484	42.354	43.463	10.0	4.2	Georgia (Sak'art'velo)	1991	4	30	8	29	57
485	41.946999999999996	44.006	10.0	3.9	Georgia (Sak'art'velo)	1991	4	30	2	28	26
486	42.571000000000005	43.891000000000005	10.0	4.6	Georgia (Sak'art'velo)	1991	4	29	23	32	29
487	42.708999999999996	43.858000000000004	10.0	4.7	Russia-Georgia border region	1991	4	29	22	28	23
488	42.205	43.676	10.0	4.5	Georgia (Sak'art'velo)	1991	4	29	21	24	9
489	42.541000000000004	43.333	10.0	5.4	Georgia (Sak'art'velo)	1991	4	29	20	32	54
490	42.556999999999995	43.809	10.0	4.7	Georgia (Sak'art'velo)	1991	4	29	20	24	43
491	42.705	43.308	10.0	3.8	Georgia (Sak'art'velo)	1991	4	29	20	19	48
492	41.833999999999996	44.606	10.0	4.3	Georgia (Sak'art'velo)	1991	4	29	20	11	59
493	42.585	43.966	10.0	4.5	Russia-Georgia border region	1991	4	29	19	44	54
494	43.065	44.03	10.0	4.4	Caucasus region, Russia	1991	4	29	19	19	57
495	42.494	43.69	10.0	4.5	Georgia (Sak'art'velo)	1991	4	29	19	7	3
496	42.503	43.898999999999994	14.3	6.1	Georgia (Sak'art'velo)	1991	4	29	18	30	41
497	42.583	43.763999999999996	10.0	5.5	Georgia (Sak'art'velo)	1991	4	29	18	23	15
498	42.773999999999994	44.028999999999996	10.0	4.4	Russia-Georgia border region	1991	4	29	17	55	0
499	42.934	43.881	10.0	4.3	Russia-Georgia border region	1991	4	29	17	21	29
500	42.224	43.409	10.0	4.6	Georgia (Sak'art'velo)	1991	4	29	17	10	27
501	42.756	43.556000000000004	10.0	4.0	Georgia (Sak'art'velo)	1991	4	29	16	58	50
502	42.854	44.062	10.0	4.5	Russia-Georgia border region	1991	4	29	16	49	57
503	43.056999999999995	44.398999999999994	10.0	4.3	Caucasus region, Russia	1991	4	29	16	48	42
504	42.405	43.448	10.0	4.3	Georgia (Sak'art'velo)	1991	4	29	15	28	45
505	42.515	43.937	10.0	5.4	Georgia (Sak'art'velo)	1991	4	29	14	43	6
506	42.542	43.336999999999996	10.0	4.6	Georgia (Sak'art'velo)	1991	4	29	13	49	58
507	41.643	44.044	10.0	4.2	Georgia (Sak'art'velo)	1991	4	29	13	27	9
508	42.602	42.897	10.0	3.8	Georgia (Sak'art'velo)	1991	4	29	13	12	41
509	42.625	43.961999999999996	10.0	4.5	Russia-Georgia border region	1991	4	29	11	59	54
510	42.571999999999996	43.816	10.0	4.9	Georgia (Sak'art'velo)	1991	4	29	11	51	10
511	42.583999999999996	43.903999999999996	10.0	4.7	Russia-Georgia border region	1991	4	29	11	10	11
512	42.51	43.816	10.0	4.3	Georgia (Sak'art'velo)	1991	4	29	11	4	28
513	42.711999999999996	44.102	10.0	4.6	Russia-Georgia border region	1991	4	29	10	52	42
514	43.245	42.644	10.0	4.3	Russia-Georgia border region	1991	4	29	10	30	45
515	42.216	43.589	10.0	4.5	Georgia (Sak'art'velo)	1991	4	29	10	19	41
516	42.783	43.864	10.0	4.5	Russia-Georgia border region	1991	4	29	10	15	34
517	42.356	43.864	10.0	4.8	Georgia (Sak'art'velo)	1991	4	29	10	1	12
518	42.617	43.4	10.0	4.6	Georgia (Sak'art'velo)	1991	4	29	9	59	24
519	42.568000000000005	43.881	10.0	4.9	Georgia (Sak'art'velo)	1991	4	29	9	37	37
520	42.453	43.673	17.2	7.0	Georgia (Sak'art'velo)	1991	4	29	9	12	48
521	42.115	44.356	33.0	4.1	Georgia (Sak'art'velo)	1990	12	23	21	28	50
522	41.361000000000004	43.715	33.0	5.5	Georgia (Sak'art'velo)	1990	12	16	15	45	40
523	42.538000000000004	46.449	33.0	4.3	Caucasus region, Russia	1990	9	22	2	46	1
524	42.718999999999994	45.946999999999996	33.0	4.8	Russia-Georgia border region	1990	7	23	20	54	56
525	42.102	46.771	33.0	4.2	Caucasus region, Russia	1990	7	20	17	30	36
526	42.198	45.607	89.1	4.4	Georgia (Sak'art'velo)	1990	6	21	22	26	1
527	42.479	45.178000000000004	33.0	3.9	Georgia (Sak'art'velo)	1990	5	17	16	42	0
528	42.243	48.303000000000004	10.3	4.9	Caspian Sea	1990	1	3	8	25	6
529	43.395	46.604	33.0	4.7	Caucasus region, Russia	1989	9	8	20	12	15
530	43.103	45.672	33.0	4.4	Caucasus region, Russia	1989	8	13	19	5	58
531	43.574	45.413000000000004	33.0	4.2	Caucasus region, Russia	1989	8	4	9	22	57
532	43.522	45.361999999999995	18.2	5.2	Caucasus region, Russia	1989	8	3	7	42	40
533	41.763999999999996	45.855	33.0	4.8	Georgia (Sak'art'velo)	1989	4	13	7	49	20
534	43.092	41.427	33.0	4.2	Georgia (Sak'art'velo)	1989	2	22	8	33	6
535	45.006	36.626999999999995	33.0	3.9	Crimea region, Ukraine	1988	12	11	14	39	31
536	41.147	44.206	10.0	4.8	Armenia	1988	12	8	20	32	6
537	41.208	44.471000000000004	10.0	4.6	Georgia (Sak'art'velo)	1988	12	7	20	7	30
538	41.69	44.746	10.0	4.4	Georgia (Sak'art'velo)	1988	12	7	19	17	56
539	42.058	47.854	33.0	4.6	Caucasus region, Russia	1988	10	25	17	38	55
540	42.007	41.725	10.0	5.0	Black Sea, offshore Georgia	1988	9	6	19	16	37
541	43.803000000000004	41.853	10.0	4.0	Russia-Georgia border region	1988	8	8	13	35	14
542	42.004	48.006	33.0	4.3	Caspian Sea	1988	6	19	6	40	45
543	44.446000000000005	43.415	33.0	4.4	Caucasus region, Russia	1988	5	7	7	50	53
544	42.13399999999999	47.148999999999994	33.0	4.4	Caucasus region, Russia	1988	5	4	2	51	18
545	42.368	47.906000000000006	33.0	4.3	Caucasus region, Russia	1988	5	3	10	7	51
546	42.468999999999994	47.663000000000004	22.4	5.3	Caucasus region, Russia	1988	5	3	9	15	21
547	42.501000000000005	47.638999999999996	33.0	4.6	Caucasus region, Russia	1988	5	3	8	41	22
548	42.363	43.308	33.0	4.4	Georgia (Sak'art'velo)	1987	10	23	6	50	37
549	42.527	46.909	33.0	4.6	Caucasus region, Russia	1987	5	5	10	40	44
550	41.59	43.468	10.0	4.7	Georgia (Sak'art'velo)	1986	9	3	9	28	18
551	41.431000000000004	43.736999999999995	10.0	5.8	Georgia (Sak'art'velo)	1986	5	13	8	44	2
552	42.64	46.48	33.0	4.7	Caucasus region, Russia	1985	10	22	1	26	7
553	43.245	46.873000000000005	33.0	4.7	Caucasus region, Russia	1985	9	2	2	13	34
554	44.077	38.999	33.0	4.1	Caucasus region, Russia	1985	8	28	15	19	28
555	42.132	45.86	33.0	5.4	Russia-Georgia border region	1985	7	4	5	8	31
556	42.052	46.971000000000004	33.0	4.3	Caucasus region, Russia	1985	7	3	23	30	39
557	41.253	40.466	10.0	4.0	eastern Turkey	1985	6	28	18	19	56
558	44.47	39.567	33.0	4.1	Caucasus region, Russia	1984	7	16	5	59	2
559	42.781000000000006	41.138999999999996	33.0	4.7	Black Sea, offshore Georgia	1984	7	4	21	25	54
560	43.132	45.992	33.0	4.6	Caucasus region, Russia	1984	4	26	22	36	1
561	42.981	45.653	33.0	4.7	Russia-Georgia border region	1984	3	27	1	21	20
562	42.983000000000004	45.428999999999995	33.0	4.7	Russia-Georgia border region	1984	3	12	19	58	10
563	43.358999999999995	41.078	10.0	4.8	Georgia (Sak'art'velo)	1984	3	11	23	58	22
564	42.907	45.409	33.0	4.4	Russia-Georgia border region	1984	3	8	23	22	5
565	43.07	45.614	33.0	5.3	Caucasus region, Russia	1984	3	4	19	24	46
566	43.898	46.354	33.0	4.2	Caucasus region, Russia	1984	3	4	16	32	23
567	42.997	45.565	33.0	4.8	Russia-Georgia border region	1984	3	4	14	51	6
568	43.058	45.49	33.0	5.2	Caucasus region, Russia	1984	3	4	10	1	34
569	45.196999999999996	39.187	33.0	4.6	southwestern Russia	1984	3	2	4	31	31
570	42.903999999999996	45.549	33.0	4.7	Russia-Georgia border region	1984	1	30	5	58	25
571	41.38	43.73	33.0	4.5	Georgia (Sak'art'velo)	1984	1	19	9	21	34
572	41.176	44.118	33.0	4.6	Armenia	1983	12	17	0	14	24
573	42.478	45.326	33.0	4.5	Georgia (Sak'art'velo)	1983	11	9	3	51	0
574	45.217	37.412	33.0	4.0	southwestern Russia	1983	7	30	3	8	22
575	42.978	47.382	33.0	4.3	Caucasus region, Russia	1983	6	24	14	25	45
576	41.302	43.68899999999999	33.0	4.4	Georgia (Sak'art'velo)	1983	4	14	12	16	29
577	42.976000000000006	47.00899999999999	33.0	4.5	Caucasus region, Russia	1983	1	21	3	24	0
578	41.769	45.893	33.0	4.6	Georgia (Sak'art'velo)	1982	12	22	9	49	5
579	42.088	43.645	33.0	4.4	Georgia (Sak'art'velo)	1982	9	21	5	39	21
580	41.393	44.001000000000005	33.0	4.7	Georgia (Sak'art'velo)	1982	5	25	8	6	8
581	41.183	46.198	33.0	5.2	Georgia (Sak'art'velo)	1982	5	3	4	10	3
582	42.004	48.548	33.0	4.8	Caspian Sea	1982	3	8	9	42	13
583	41.968999999999994	43.606	33.0	4.3	Georgia (Sak'art'velo)	1982	1	24	2	3	53
584	41.515	44.193999999999996	33.0	4.4	Georgia (Sak'art'velo)	1982	1	17	10	27	47
585	43.228	45.443000000000005	33.0	4.3	Caucasus region, Russia	1981	10	22	18	29	42
586	44.793	37.226	33.0	4.2	Caucasus region, Russia	1981	10	21	0	50	13
587	43.243	45.394	33.0	4.7	Caucasus region, Russia	1981	10	20	14	11	36
588	43.369	45.258	33.0	4.4	Caucasus region, Russia	1981	10	19	13	53	33
589	43.515	45.537	33.0	4.6	Caucasus region, Russia	1981	10	19	5	49	51
590	43.262	45.428999999999995	33.0	4.5	Caucasus region, Russia	1981	10	18	18	17	59
591	43.257	45.308	33.0	5.7	Caucasus region, Russia	1981	10	18	5	22	28
592	42.83	45.765	33.0	5.1	Russia-Georgia border region	1981	5	12	17	43	3
593	44.06100000000001	38.841	33.0	4.2	Caucasus region, Russia	1981	4	17	4	36	55
594	41.793	45.975	33.0	5.1	Georgia (Sak'art'velo)	1981	2	23	4	6	39
595	42.599	45.373999999999995	33.0	4.4	Russia-Georgia border region	1981	2	12	18	43	21
596	43.798	39.053000000000004	33.0	4.5	Caucasus region, Russia	1981	1	26	6	28	41
597	43.646	39.275	33.0	4.4	Caucasus region, Russia	1981	1	25	19	37	34
598	42.507	44.858000000000004	33.0	4.5	Georgia (Sak'art'velo)	1980	9	5	21	9	51
599	42.46	41.742	33.0	4.4	Georgia (Sak'art'velo)	1979	12	27	21	16	53
600	42.656000000000006	41.437	33.0	4.4	Black Sea, offshore Georgia	1979	12	21	11	53	3
601	42.341	46.25899999999999	69.0	4.4	Caucasus region, Russia	1979	6	6	17	30	55
602	41.445	48.129	33.0	4.3	Azerbaijan	1979	5	12	16	19	53
603	41.159	44.001000000000005	10.0	4.6	Armenia	1979	4	25	7	39	44
604	41.321999999999996	46.053999999999995	33.0	4.4	Georgia (Sak'art'velo)	1979	3	7	22	10	4
605	42.318999999999996	48.169	43.0	4.7	Caspian Sea	1979	3	5	16	54	0
606	44.457	45.508	33.0	4.4	southwestern Russia	1979	2	9	11	20	43
607	41.236999999999995	48.628	33.0	4.5	Azerbaijan	1979	1	16	10	24	30
608	43.239	46.248000000000005	35.0	4.6	Caucasus region, Russia	1979	1	4	20	51	20
609	44.041000000000004	39.364000000000004	17.0	4.6	Caucasus region, Russia	1978	11	23	15	24	37
610	43.505	46.575	33.0	4.0	Caucasus region, Russia	1978	11	16	5	46	8
611	42.478	45.246	30.0	4.5	Georgia (Sak'art'velo)	1978	11	3	18	54	6
612	44.403999999999996	38.052	33.0	5.7	Caucasus region, Russia	1978	9	3	0	21	15
613	41.953	43.916000000000004	10.0	4.8	Georgia (Sak'art'velo)	1978	8	22	22	48	11
614	41.295	44.022	15.0	4.8	Georgia (Sak'art'velo)	1978	8	15	9	4	23
615	43.315	45.075	43.0	4.7	Caucasus region, Russia	1978	7	12	11	52	18
616	41.131	43.973	10.0	4.5	Armenia	1978	6	27	4	45	16
617	41.963	46.54600000000001	38.0	5.6	Russia-Georgia-Azerbaijan border region	1978	5	26	13	43	38
618	42.943000000000005	47.882	33.0	3.9	Caucasus region, Russia	1978	3	16	21	51	45
619	44.273999999999994	42.72	10.0	4.8	Caucasus region, Russia	1978	2	28	22	58	14
620	41.54	44.244	10.0	5.3	Georgia (Sak'art'velo)	1978	1	2	6	31	27
621	41.952	47.915	33.0	4.7	Russia-Azerbaijan border region	1977	12	21	8	30	46
622	43.059	47.082	33.0	4.7	Caucasus region, Russia	1977	12	16	23	17	17
623	43.643	45.372	33.0	4.6	Caucasus region, Russia	1977	12	15	15	23	30
624	43.24100000000001	45.168	33.0	4.9	Caucasus region, Russia	1977	12	15	15	7	51
625	42.655	47.28	33.0	4.7	Caucasus region, Russia	1977	7	14	16	35	30
626	43.0	45.464	53.0	4.8	Russia-Georgia border region	1977	7	1	21	49	19
627	41.974	43.977	33.0	4.5	Georgia (Sak'art'velo)	1977	6	18	14	32	31
628	41.531000000000006	44.129	16.0	4.5	Georgia (Sak'art'velo)	1977	3	14	19	42	58
629	41.321999999999996	47.177	60.0	4.6	Azerbaijan	1976	11	28	12	0	5
630	43.163000000000004	45.31	33.0	4.5	Caucasus region, Russia	1976	8	25	4	4	16
631	42.91	44.843	33.0	4.8	Russia-Georgia border region	1976	7	29	6	30	30
632	43.123999999999995	45.483000000000004	47.0	4.6	Caucasus region, Russia	1976	7	28	23	1	32
633	43.1	45.498000000000005	30.0	4.5	Caucasus region, Russia	1976	7	28	21	4	50
634	43.172	45.603	21.0	6.1	Caucasus region, Russia	1976	7	28	20	17	42
635	43.148	45.222	33.0	4.5	Caucasus region, Russia	1976	7	26	11	46	38
636	42.988	45.086000000000006	33.0	4.5	Russia-Georgia border region	1976	4	2	17	52	28
637	41.131	43.005	18.0	4.8	Georgia-Turkey border region	1976	3	25	11	55	39
638	43.489	45.435	33.0	4.1	Caucasus region, Russia	1976	3	13	9	32	22
639	43.21	45.536	33.0	3.7	Caucasus region, Russia	1976	1	29	4	20	12
640	42.525	48.537	33.0	4.6	Caspian Sea	1975	12	11	13	50	40
641	43.172	44.647	161.0	4.1	Caucasus region, Russia	1975	10	20	7	57	3
642	41.66	48.248999999999995	33.0	4.7	Russia-Azerbaijan border region	1975	10	20	3	20	0
643	43.228	43.614	33.0	4.4	Caucasus region, Russia	1975	10	20	2	54	13
644	42.739	47.99	33.0	4.7	Caucasus region, Russia	1975	6	20	13	53	25
645	42.983000000000004	46.479	33.0	4.4	Caucasus region, Russia	1975	2	27	3	33	16
646	42.431000000000004	45.178999999999995	33.0	4.8	Georgia (Sak'art'velo)	1975	2	20	14	44	25
647	43.091	47.452	30.0	3.3	Caucasus region, Russia	1975	1	19	0	40	24
648	42.975	46.988	33.0	4.7	Caucasus region, Russia	1975	1	13	7	58	35
649	42.818000000000005	47.16	33.0	4.6	Caucasus region, Russia	1975	1	12	13	51	53
650	42.863	46.973	33.0	4.9	Caucasus region, Russia	1975	1	10	1	29	22
651	42.858000000000004	47.11600000000001	33.0	4.9	Caucasus region, Russia	1975	1	10	1	9	21
652	42.723	46.765	33.0	4.3	Caucasus region, Russia	1975	1	9	23	57	6
653	42.854	47.051	33.0	4.9	Caucasus region, Russia	1975	1	9	23	40	6
654	42.888999999999996	46.986999999999995	31.0	5.2	Caucasus region, Russia	1975	1	9	23	9	46
655	42.405	46.303999999999995	33.0	3.8	Caucasus region, Russia	1974	12	28	1	36	31
656	43.128	47.049	33.0	5.0	Caucasus region, Russia	1974	12	23	5	22	8
657	42.72	46.556999999999995	42.0	5.1	Caucasus region, Russia	1974	11	13	2	36	25
658	42.335	45.931999999999995	33.0	5.4	Russia-Georgia border region	1974	8	4	15	6	17
659	42.55	45.343999999999994	33.0	4.5	Russia-Georgia border region	1974	7	18	22	20	11
660	42.935	45.206	45.0	4.7	Russia-Georgia border region	1974	6	15	0	52	5
661	42.781000000000006	45.166000000000004	33.0	4.1	Russia-Georgia border region	1974	6	7	3	3	46
662	41.422	46.828	33.0	4.1	Azerbaijan	1974	3	24	7	36	32
663	43.471000000000004	45.47	33.0	4.6	Caucasus region, Russia	1973	8	31	4	57	17
664	42.775	45.879	33.0	4.4	Russia-Georgia border region	1973	5	19	21	50	38
665	43.343	43.766000000000005	46.0	4.2	Caucasus region, Russia	1973	4	30	15	48	24
666	43.191	47.14	15.0	6.7	Caucasus region, Russia	1970	5	14	18	12	26
667	43.078	47.131	12.5	6.1	Caucasus region, Russia	1970	5	14	9	20	22
668	44.707	37.272	39.3	5.7	Caucasus region, Russia	1966	7	12	18	53	11
669	41.703	48.238	20.0	6.0	Russia-Azerbaijan border region	1966	4	20	16	42	6
670	43.198	41.56399999999999	30.0	6.4	Georgia (Sak'art'velo)	1963	7	16	18	27	19
671	41.327	44.056000000000004	15.0	5.8	Georgia (Sak'art'velo)	1959	12	8	13	34	2
672	41.897	41.996	15.0	5.5	Georgia (Sak'art'velo)	1959	5	20	19	49	16
673	42.637	41.547	15.0	5.2	Georgia (Sak'art'velo)	1958	7	5	2	6	0
674	41.358999999999995	44.043	10.0	5.3	Georgia (Sak'art'velo)	1958	5	31	3	50	10
675	41.277	43.898	10.0	5.2	Georgia (Sak'art'velo)	1958	5	30	5	16	15
676	43.071000000000005	47.793	15.0	5.6	Caucasus region, Russia	1958	5	6	4	15	48
677	42.52	42.352	10.0	5.6	Georgia (Sak'art'velo)	1957	1	26	16	30	50
678	41.13	48.129	15.0	5.4	Azerbaijan	1953	4	30	15	45	26
679	42.143	45.345	15.0	5.8	Georgia (Sak'art'velo)	1951	11	2	21	55	47
